thread,set_ops,set_time_ms,get_ops,get_time_ms,hits,total
0,7160,2792.9239589999997,4666,4285.770542,16406,20000
1,7126,2806.323167,4678,4274.504583,16403,20000
2,7101,2816.243541,4690,4264.233667,16411,20000
3,7155,2795.104625,4668,4284.295042,16395,20000
4,7149,2797.589709,4672,4280.4970840000005,13888,20000
5,7167,2790.374292,4665,4286.9315830000005,13918,20000
6,7160,2793.052209,4665,4286.843666000001,13908,20000
7,7136,2802.405208,4673,4279.117208,13875,20000
