thread,set_ops,set_time_ms,get_ops,get_time_ms,hits,total
0,22982,5438.833958,25782,4848.320417,125000,125000
1,23011,5432.155958,25780,4848.600792,125000,125000
2,23010,5432.274708999999,25794,4846.082166,125000,125000
3,22993,5436.232207999999,25784,4847.812916999999,125000,125000
4,23012,5431.825666,25806,4843.785875,125000,125000
5,23017,5430.5662919999995,25782,4848.334083,125000,125000
6,22997,5435.331417,25809,4843.258583,125000,125000
7,22976,5440.427374999999,25801,4844.710375,125000,125000
