thread,set_ops,set_time_ms,get_ops,get_time_ms,hits,total
0,7071,2828.367416,4396,4548.781042,13072,20000
1,6998,2857.7045000000003,4423,4521.795958000001,13065,20000
2,7054,2835.265458,4404,4541.316667,13084,20000
3,7055,2834.769292,4402,4542.825792000001,13124,20000
4,7057,2833.966375,4403,4542.211834,17196,20000
5,7045,2838.781958,4407,4538.181125,17243,20000
6,7002,2855.997958,4420,4523.893292000001,17195,20000
7,7033,2843.645292,4409,4535.337459,17226,20000
