thread,set_ops,set_time_ms,get_ops,get_time_ms,hits,total
0,10935,457.233041,3103,1610.857542,5000,5000
1,10899,458.745875,3092,1616.674833,5000,5000
2,10963,456.057541,3116,1604.2051669999998,5000,5000
3,10941,456.97608299999996,3107,1608.7979169999999,5000,5000
4,11026,453.454125,3152,1586.006417,5000,5000
5,10910,458.254208,3095,1615.058333,5000,5000
6,11052,452.382917,3189,1567.7430000000002,5000,5000
7,10906,458.45666600000004,3094,1615.7875000000001,5000,5000
